campaign_id,campaign_name,platform,date,sku,spend,impressions,clicks,conversions,conversion_value,currency
CMP001,Summer Performance,Google,2026-09-15,SKU001,686.15,64894,2196,82,57331.26,INR
CMP002,High Margin Push,TikTok,2026-09-15,SKU004,285.2,26202,392,18,39322.85,INR
CMP003,Clearance Drive,Meta,2026-09-15,SKU003,1026.62,66159,2314,81,61129.84,INR
CMP004,Retargeting,Google,2026-09-15,SKU005,810.81,17443,259,8,19717.85,INR
CMP005,New Product Launch,TikTok,2026-09-15,SKU006,1334.55,36359,1599,84,248235.6,INR
CMP006,Low ROAS Test,Meta,2026-09-15,SKU002,2200.0,24483,457,0,0.0,INR
CMP007,Fitness Campaign,Google,2026-09-15,SKU007,1577.75,9210,329,11,30930.97,INR
CMP008,Accessory Scale,TikTok,2026-09-15,SKU008,1257.26,55028,813,17,23548.81,INR
CMP001,Summer Performance,TikTok,2026-09-16,SKU001,761.28,48957,754,25,19750.64,INR
CMP002,High Margin Push,Meta,2026-09-16,SKU004,1150.64,16960,397,8,19867.73,INR
CMP003,Clearance Drive,Google,2026-09-16,SKU003,997.57,36960,544,18,14247.87,INR
CMP004,Retargeting,TikTok,2026-09-16,SKU005,1136.18,56529,1561,39,89258.36,INR
CMP005,New Product Launch,Meta,2026-09-16,SKU006,283.5,30548,1269,22,57155.84,INR
CMP006,Low ROAS Test,Google,2026-09-16,SKU002,2200.0,59230,1260,0,0.0,INR
CMP007,Fitness Campaign,TikTok,2026-09-16,SKU007,307.99,16758,406,25,67295.37,INR
CMP008,Accessory Scale,Meta,2026-09-16,SKU008,1726.99,42400,915,30,39334.86,INR
CMP001,Summer Performance,Meta,2026-09-17,SKU001,319.61,26525,1186,63,47782.36,INR
CMP002,High Margin Push,Google,2026-09-17,SKU004,829.17,34976,528,22,54456.92,INR
CMP003,Clearance Drive,TikTok,2026-09-17,SKU003,623.5,9978,393,5,3754.93,INR
CMP004,Retargeting,Meta,2026-09-17,SKU005,1605.57,15610,288,9,22395.95,INR
CMP005,New Product Launch,Google,2026-09-17,SKU006,1026.15,34889,434,6,17123.97,INR
CMP006,Low ROAS Test,TikTok,2026-09-17,SKU002,2200.0,16921,485,0,0.0,INR
CMP007,Fitness Campaign,Meta,2026-09-17,SKU007,1496.39,9556,347,3,8899.24,INR
CMP008,Accessory Scale,Google,2026-09-17,SKU008,866.25,52355,1148,37,47350.37,INR
CMP001,Summer Performance,Google,2026-09-18,SKU001,1110.56,17188,266,4,3179.81,INR
CMP002,High Margin Push,TikTok,2026-09-18,SKU004,1173.87,47306,2024,102,217345.28,INR
CMP003,Clearance Drive,Meta,2026-09-18,SKU003,419.17,25851,989,22,16539.18,INR
CMP004,Retargeting,Google,2026-09-18,SKU005,1595.0,59424,1895,63,149217.16,INR
CMP005,New Product Launch,TikTok,2026-09-18,SKU006,1594.61,24992,504,13,37914.28,INR
CMP006,Low ROAS Test,Meta,2026-09-18,SKU002,2200.0,36141,513,0,0.0,INR
CMP007,Fitness Campaign,Google,2026-09-18,SKU007,731.02,65248,2765,55,143060.68,INR
CMP008,Accessory Scale,TikTok,2026-09-18,SKU008,282.78,16920,233,1,1407.07,INR
CMP001,Summer Performance,TikTok,2026-09-19,SKU001,1305.11,57792,1299,44,31131.05,INR
CMP002,High Margin Push,Meta,2026-09-19,SKU004,636.55,32405,999,28,64973.41,INR
CMP003,Clearance Drive,Google,2026-09-19,SKU003,407.59,13785,189,7,5461.77,INR
CMP004,Retargeting,TikTok,2026-09-19,SKU005,1649.11,59674,2645,136,316212.93,INR
CMP005,New Product Launch,Meta,2026-09-19,SKU006,1047.05,67952,1853,52,142307.76,INR
CMP006,Low ROAS Test,Google,2026-09-19,SKU002,2200.0,61169,1475,0,0.0,INR
CMP007,Fitness Campaign,TikTok,2026-09-19,SKU007,710.16,57150,2413,83,243262.62,INR
CMP008,Accessory Scale,Meta,2026-09-19,SKU008,1261.51,66829,2575,87,125226.99,INR
CMP001,Summer Performance,Meta,2026-09-20,SKU001,563.73,45041,1819,32,24516.06,INR
CMP002,High Margin Push,Google,2026-09-20,SKU004,380.96,51077,2190,46,107947.82,INR
CMP003,Clearance Drive,TikTok,2026-09-20,SKU003,1463.07,69792,3016,62,46685.84,INR
CMP004,Retargeting,Meta,2026-09-20,SKU005,515.5,57297,1755,73,175966.99,INR
CMP005,New Product Launch,Google,2026-09-20,SKU006,1488.83,40097,1274,74,191556.84,INR
CMP006,Low ROAS Test,TikTok,2026-09-20,SKU002,2200.0,38513,994,0,0.0,INR
CMP007,Fitness Campaign,Meta,2026-09-20,SKU007,494.3,67600,2899,92,257408.08,INR
CMP008,Accessory Scale,Google,2026-09-20,SKU008,1701.02,17162,647,20,29919.88,INR
CMP001,Summer Performance,Google,2026-09-21,SKU001,1362.53,60472,962,46,35791.41,INR
CMP002,High Margin Push,TikTok,2026-09-21,SKU004,707.81,66974,1817,55,132935.99,INR
CMP003,Clearance Drive,Meta,2026-09-21,SKU003,421.41,32237,1322,35,27533.08,INR
CMP004,Retargeting,Google,2026-09-21,SKU005,294.95,69816,1392,27,59358.07,INR
CMP005,New Product Launch,TikTok,2026-09-21,SKU006,1661.49,25912,341,1,2821.73,INR
CMP006,Low ROAS Test,Meta,2026-09-21,SKU002,2200.0,48688,967,0,0.0,INR
CMP007,Fitness Campaign,Google,2026-09-21,SKU007,1446.77,60459,2397,24,62528.33,INR
CMP008,Accessory Scale,TikTok,2026-09-21,SKU008,1032.02,51283,1876,90,129539.66,INR
CMP001,Summer Performance,TikTok,2026-09-22,SKU001,549.21,8976,317,20,13713.64,INR
CMP002,High Margin Push,Meta,2026-09-22,SKU004,1205.28,24787,332,20,43780.94,INR
CMP003,Clearance Drive,Google,2026-09-22,SKU003,392.17,55755,2472,70,55477.17,INR
CMP004,Retargeting,TikTok,2026-09-22,SKU005,717.08,19379,602,29,71825.22,INR
CMP005,New Product Launch,Meta,2026-09-22,SKU006,480.08,36622,927,32,85575.75,INR
CMP006,Low ROAS Test,Google,2026-09-22,SKU002,2200.0,39517,1032,0,0.0,INR
CMP007,Fitness Campaign,TikTok,2026-09-22,SKU007,741.41,65068,1679,55,154201.44,INR
CMP008,Accessory Scale,Meta,2026-09-22,SKU008,1338.1,10235,341,13,18865.65,INR
CMP001,Summer Performance,Meta,2026-09-23,SKU001,1101.17,20212,660,18,13814.0,INR
CMP002,High Margin Push,Google,2026-09-23,SKU004,1623.92,34747,1473,49,113159.57,INR
CMP003,Clearance Drive,TikTok,2026-09-23,SKU003,429.58,11468,456,4,2876.78,INR
CMP004,Retargeting,Meta,2026-09-23,SKU005,518.14,12467,278,6,14605.3,INR
CMP005,New Product Launch,Google,2026-09-23,SKU006,1577.65,33743,575,18,48839.56,INR
CMP006,Low ROAS Test,TikTok,2026-09-23,SKU002,2200.0,31080,1393,0,0.0,INR
CMP007,Fitness Campaign,Meta,2026-09-23,SKU007,851.15,65390,807,17,44587.83,INR
CMP008,Accessory Scale,Google,2026-09-23,SKU008,507.16,47735,1890,115,172134.74,INR
CMP001,Summer Performance,Google,2026-09-24,SKU001,469.47,39179,977,16,11698.21,INR
CMP002,High Margin Push,TikTok,2026-09-24,SKU004,977.46,35791,607,16,34254.19,INR
CMP003,Clearance Drive,Meta,2026-09-24,SKU003,610.92,19938,561,22,15163.09,INR
CMP004,Retargeting,Google,2026-09-24,SKU005,627.68,26107,1040,50,113078.66,INR
CMP005,New Product Launch,TikTok,2026-09-24,SKU006,1086.27,62633,2497,86,241941.02,INR
CMP006,Low ROAS Test,Meta,2026-09-24,SKU002,2200.0,28984,673,0,0.0,INR
CMP007,Fitness Campaign,Google,2026-09-24,SKU007,867.76,69888,2293,49,125455.52,INR
CMP008,Accessory Scale,TikTok,2026-09-24,SKU008,1687.56,64874,1738,43,57476.52,INR
CMP001,Summer Performance,TikTok,2026-09-25,SKU001,1339.7,40601,1802,76,59843.45,INR
CMP002,High Margin Push,Meta,2026-09-25,SKU004,1367.08,47293,2070,116,278248.64,INR
CMP003,Clearance Drive,Google,2026-09-25,SKU003,932.14,48279,1621,103,70457.92,INR
CMP004,Retargeting,TikTok,2026-09-25,SKU005,1454.88,42292,1190,70,159490.05,INR
CMP005,New Product Launch,Meta,2026-09-25,SKU006,1480.21,48289,1464,88,225788.75,INR
CMP006,Low ROAS Test,Google,2026-09-25,SKU002,2200.0,13258,180,0,0.0,INR
CMP007,Fitness Campaign,TikTok,2026-09-25,SKU007,1449.27,8503,309,9,23891.9,INR
CMP008,Accessory Scale,Meta,2026-09-25,SKU008,1213.94,61658,2485,25,35660.95,INR
CMP001,Summer Performance,Meta,2026-09-26,SKU001,295.89,55098,2289,92,66319.26,INR
CMP002,High Margin Push,Google,2026-09-26,SKU004,1572.68,32884,719,27,60133.54,INR
CMP003,Clearance Drive,TikTok,2026-09-26,SKU003,1624.16,61713,913,27,20949.86,INR
CMP004,Retargeting,Meta,2026-09-26,SKU005,1798.05,19630,427,9,21056.77,INR
CMP005,New Product Launch,Google,2026-09-26,SKU006,1796.25,61051,1931,72,187890.84,INR
CMP006,Low ROAS Test,TikTok,2026-09-26,SKU002,2200.0,51454,731,0,0.0,INR
CMP007,Fitness Campaign,Meta,2026-09-26,SKU007,1233.54,62604,1619,87,230977.03,INR
CMP008,Accessory Scale,Google,2026-09-26,SKU008,754.28,29284,1229,50,71053.79,INR
CMP001,Summer Performance,Google,2026-09-27,SKU001,714.04,60986,1380,30,21392.91,INR
CMP002,High Margin Push,TikTok,2026-09-27,SKU004,1120.31,22965,875,35,87395.49,INR
CMP003,Clearance Drive,Meta,2026-09-27,SKU003,1295.63,23851,996,48,33185.38,INR
CMP004,Retargeting,Google,2026-09-27,SKU005,1262.03,58507,2546,103,255843.91,INR
CMP005,New Product Launch,TikTok,2026-09-27,SKU006,409.65,26206,527,7,19469.18,INR
CMP006,Low ROAS Test,Meta,2026-09-27,SKU002,2200.0,10546,144,0,0.0,INR
CMP007,Fitness Campaign,Google,2026-09-27,SKU007,1332.19,35855,787,22,56097.74,INR
CMP008,Accessory Scale,TikTok,2026-09-27,SKU008,423.71,20835,843,8,11073.72,INR
CMP001,Summer Performance,TikTok,2026-09-28,SKU001,766.3,33428,1262,68,48158.39,INR
CMP002,High Margin Push,Meta,2026-09-28,SKU004,993.79,34742,1200,23,56876.81,INR
CMP003,Clearance Drive,Google,2026-09-28,SKU003,325.28,38675,1372,16,11131.42,INR
CMP004,Retargeting,TikTok,2026-09-28,SKU005,1674.18,36567,449,4,8662.48,INR
CMP005,New Product Launch,Meta,2026-09-28,SKU006,1211.23,37481,1153,33,86537.89,INR
CMP006,Low ROAS Test,Google,2026-09-28,SKU002,2200.0,22981,924,0,0.0,INR
CMP007,Fitness Campaign,TikTok,2026-09-28,SKU007,1185.31,64384,1540,75,211454.26,INR
CMP008,Accessory Scale,Meta,2026-09-28,SKU008,585.35,69048,1771,47,63546.62,INR
CMP001,Summer Performance,Meta,2026-09-29,SKU001,279.5,51530,1851,87,68366.24,INR
CMP002,High Margin Push,Google,2026-09-29,SKU004,1170.44,18260,295,6,13133.87,INR
CMP003,Clearance Drive,TikTok,2026-09-29,SKU003,1036.3,15523,188,6,4495.31,INR
CMP004,Retargeting,Meta,2026-09-29,SKU005,446.71,69490,2891,162,360701.78,INR
CMP005,New Product Launch,Google,2026-09-29,SKU006,328.31,35725,776,27,75145.74,INR
CMP006,Low ROAS Test,TikTok,2026-09-29,SKU002,2200.0,44863,677,0,0.0,INR
CMP007,Fitness Campaign,Meta,2026-09-29,SKU007,559.29,65034,2738,51,150745.92,INR
CMP008,Accessory Scale,Google,2026-09-29,SKU008,1591.64,61256,2348,33,42218.65,INR
CMP001,Summer Performance,Google,2026-09-30,SKU001,1767.8,69257,2475,141,106047.18,INR
CMP002,High Margin Push,TikTok,2026-09-30,SKU004,1150.53,31382,800,43,94509.65,INR
CMP003,Clearance Drive,Meta,2026-09-30,SKU003,834.67,30486,497,10,7198.36,INR
CMP004,Retargeting,Google,2026-09-30,SKU005,1730.09,32434,649,12,29452.88,INR
CMP005,New Product Launch,TikTok,2026-09-30,SKU006,681.08,37639,682,24,63980.62,INR
CMP006,Low ROAS Test,Meta,2026-09-30,SKU002,2200.0,20529,572,0,0.0,INR
CMP007,Fitness Campaign,Google,2026-09-30,SKU007,1435.45,26700,1114,66,177283.54,INR
CMP008,Accessory Scale,TikTok,2026-09-30,SKU008,1106.99,62356,947,50,65509.81,INR
CMP001,Summer Performance,TikTok,2026-10-01,SKU001,1570.5,31249,1133,26,18919.47,INR
CMP002,High Margin Push,Meta,2026-10-01,SKU004,1428.02,44222,1657,52,115612.26,INR
CMP003,Clearance Drive,Google,2026-10-01,SKU003,1562.04,46298,1187,37,28903.75,INR
CMP004,Retargeting,TikTok,2026-10-01,SKU005,1605.59,19128,443,13,28806.86,INR
CMP005,New Product Launch,Meta,2026-10-01,SKU006,499.94,10265,423,21,58166.85,INR
CMP006,Low ROAS Test,Google,2026-10-01,SKU002,2200.0,66281,1968,0,0.0,INR
CMP007,Fitness Campaign,TikTok,2026-10-01,SKU007,997.15,59726,1039,41,105069.47,INR
CMP008,Accessory Scale,Meta,2026-10-01,SKU008,434.38,67098,2835,67,91400.83,INR
CMP001,Summer Performance,Meta,2026-10-02,SKU001,1074.42,48947,2184,99,71286.46,INR
CMP002,High Margin Push,Google,2026-10-02,SKU004,327.67,19608,456,24,57734.44,INR
CMP003,Clearance Drive,TikTok,2026-10-02,SKU003,1480.13,59294,2519,76,60663.6,INR
CMP004,Retargeting,Meta,2026-10-02,SKU005,685.39,21141,296,6,13087.5,INR
CMP005,New Product Launch,Google,2026-10-02,SKU006,1230.04,38797,1645,47,133763.37,INR
CMP006,Low ROAS Test,TikTok,2026-10-02,SKU002,2200.0,32361,893,0,0.0,INR
CMP007,Fitness Campaign,Meta,2026-10-02,SKU007,1561.31,44187,1185,60,162836.76,INR
CMP008,Accessory Scale,Google,2026-10-02,SKU008,1394.69,10495,265,12,16663.01,INR
CMP001,Summer Performance,Google,2026-10-03,SKU001,1655.98,28487,950,24,17565.36,INR
CMP002,High Margin Push,TikTok,2026-10-03,SKU004,445.0,33996,510,24,56943.4,INR
CMP003,Clearance Drive,Meta,2026-10-03,SKU003,280.64,63015,1167,39,29608.48,INR
CMP004,Retargeting,Google,2026-10-03,SKU005,450.51,28245,595,8,19016.6,INR
CMP005,New Product Launch,TikTok,2026-10-03,SKU006,1661.01,53976,1613,88,234424.07,INR
CMP006,Low ROAS Test,Meta,2026-10-03,SKU002,2200.0,20556,464,0,0.0,INR
CMP007,Fitness Campaign,Google,2026-10-03,SKU007,286.0,41432,1693,68,199465.41,INR
CMP008,Accessory Scale,TikTok,2026-10-03,SKU008,749.43,32803,983,31,45938.38,INR
CMP001,Summer Performance,TikTok,2026-10-04,SKU001,1557.15,66037,2415,126,95310.38,INR
CMP002,High Margin Push,Meta,2026-10-04,SKU004,698.45,68648,1407,63,153093.06,INR
CMP003,Clearance Drive,Google,2026-10-04,SKU003,1583.88,43400,531,17,13255.32,INR
CMP004,Retargeting,TikTok,2026-10-04,SKU005,464.41,18397,690,10,24984.79,INR
CMP005,New Product Launch,Meta,2026-10-04,SKU006,548.52,66645,1729,84,216760.14,INR
CMP006,Low ROAS Test,Google,2026-10-04,SKU002,2200.0,17545,668,0,0.0,INR
CMP007,Fitness Campaign,TikTok,2026-10-04,SKU007,423.36,52074,927,29,80458.17,INR
CMP008,Accessory Scale,Meta,2026-10-04,SKU008,1313.55,59616,1999,109,162819.07,INR
CMP001,Summer Performance,Meta,2026-10-05,SKU001,743.41,26412,687,10,7214.98,INR
CMP002,High Margin Push,Google,2026-10-05,SKU004,1470.57,36594,1443,80,192387.64,INR
CMP003,Clearance Drive,TikTok,2026-10-05,SKU003,1492.15,18378,762,17,11741.34,INR
CMP004,Retargeting,Meta,2026-10-05,SKU005,487.96,38457,1138,9,19119.1,INR
CMP005,New Product Launch,Google,2026-10-05,SKU006,926.29,60744,798,19,49689.12,INR
CMP006,Low ROAS Test,TikTok,2026-10-05,SKU002,2200.0,56026,2194,0,0.0,INR
CMP007,Fitness Campaign,Meta,2026-10-05,SKU007,1393.59,44427,1636,63,171023.06,INR
CMP008,Accessory Scale,Google,2026-10-05,SKU008,589.74,23962,452,16,20695.73,INR
CMP001,Summer Performance,Google,2026-10-06,SKU001,523.25,18061,707,32,22259.03,INR
CMP002,High Margin Push,TikTok,2026-10-06,SKU004,1262.99,18871,505,19,47307.19,INR
CMP003,Clearance Drive,Meta,2026-10-06,SKU003,1602.93,36178,697,27,20714.58,INR
CMP004,Retargeting,Google,2026-10-06,SKU005,1127.95,19922,601,35,74994.14,INR
CMP005,New Product Launch,TikTok,2026-10-06,SKU006,1182.42,31066,639,23,67183.03,INR
CMP006,Low ROAS Test,Meta,2026-10-06,SKU002,2200.0,38143,942,0,0.0,INR
CMP007,Fitness Campaign,Google,2026-10-06,SKU007,1124.35,47641,675,5,14757.73,INR
CMP008,Accessory Scale,TikTok,2026-10-06,SKU008,1251.75,49952,882,39,57895.76,INR
CMP001,Summer Performance,TikTok,2026-10-07,SKU001,342.2,29083,911,20,14096.18,INR
CMP002,High Margin Push,Meta,2026-10-07,SKU004,403.69,21341,401,9,19571.75,INR
CMP003,Clearance Drive,Google,2026-10-07,SKU003,1583.44,19178,458,5,3554.44,INR
CMP004,Retargeting,TikTok,2026-10-07,SKU005,1196.25,27864,523,36,77816.58,INR
CMP005,New Product Launch,Meta,2026-10-07,SKU006,416.47,11153,361,8,23107.67,INR
CMP006,Low ROAS Test,Google,2026-10-07,SKU002,2200.0,15150,444,0,0.0,INR
CMP007,Fitness Campaign,TikTok,2026-10-07,SKU007,752.1,37041,1149,50,138673.15,INR
CMP008,Accessory Scale,Meta,2026-10-07,SKU008,1015.19,66816,2942,88,114658.95,INR
