sku,current_inventory,inventory_date,warehouse_id,reserved_inventory,available_inventory
SKU001,25,2026-10-07,WH001,3,23
SKU002,92,2026-10-07,WH001,7,82
SKU003,0,2026-10-07,WH001,0,0
SKU004,102,2026-10-07,WH001,7,101
SKU005,53,2026-10-07,WH001,8,44
SKU006,72,2026-10-07,WH001,8,63
SKU007,65,2026-10-07,WH001,9,62
SKU008,42,2026-10-07,WH001,7,35
SKU009,26,2026-10-07,WH001,9,24
SKU010,129,2026-10-07,WH001,0,121
SKU011,126,2026-10-07,WH001,8,119
SKU012,78,2026-10-07,WH001,7,75
SKU013,126,2026-10-07,WH001,6,121
SKU014,83,2026-10-07,WH001,6,83
SKU015,26,2026-10-07,WH001,2,25
SKU016,73,2026-10-07,WH001,7,66
SKU017,78,2026-10-07,WH001,9,72
SKU018,17,2026-10-07,WH001,8,11
SKU019,103,2026-10-07,WH001,6,97
SKU020,19,2026-10-07,WH001,6,11
SKU021,52,2026-10-07,WH001,6,52
SKU022,58,2026-10-07,WH001,4,48
SKU023,38,2026-10-07,WH001,3,34
SKU024,158,2026-10-07,WH001,9,158
SKU025,41,2026-10-07,WH001,9,41
