sku,product_name,category,selling_price,cost,margin,margin_percentage,brand,product_status
SKU001,Product 01,Electronics,799,430,369,46.18,Athena Demo Brand,ACTIVE
SKU002,Product 02,Home,1499,1380,119,7.94,Athena Demo Brand,ACTIVE
SKU003,Product 03,Fitness,799,312,487,60.95,Athena Demo Brand,ACTIVE
SKU004,Product 04,Accessories,2499,1923,576,23.05,Athena Demo Brand,ACTIVE
SKU005,Product 05,Beauty,2499,1719,780,31.21,Athena Demo Brand,ACTIVE
SKU006,Product 06,Electronics,2999,1215,1784,59.49,Athena Demo Brand,ACTIVE
SKU007,Product 07,Home,2999,1528,1471,49.05,Athena Demo Brand,ACTIVE
SKU008,Product 08,Fitness,1499,1122,377,25.15,Athena Demo Brand,ACTIVE
SKU009,Product 09,Accessories,2999,2111,888,29.61,Athena Demo Brand,ACTIVE
SKU010,Product 10,Beauty,2499,1351,1148,45.94,Athena Demo Brand,ACTIVE
SKU011,Product 11,Electronics,1499,882,617,41.16,Athena Demo Brand,ACTIVE
SKU012,Product 12,Home,999,377,622,62.26,Athena Demo Brand,ACTIVE
SKU013,Product 13,Fitness,2999,1864,1135,37.85,Athena Demo Brand,ACTIVE
SKU014,Product 14,Accessories,2999,2027,972,32.41,Athena Demo Brand,ACTIVE
SKU015,Product 15,Beauty,2499,1918,581,23.25,Athena Demo Brand,ACTIVE
SKU016,Product 16,Electronics,1299,954,345,26.56,Athena Demo Brand,ACTIVE
SKU017,Product 17,Home,2499,1084,1415,56.62,Athena Demo Brand,ACTIVE
SKU018,Product 18,Fitness,2999,1652,1347,44.91,Athena Demo Brand,ACTIVE
SKU019,Product 19,Accessories,1499,624,875,58.37,Athena Demo Brand,ACTIVE
SKU020,Product 20,Beauty,799,514,285,35.67,Athena Demo Brand,ACTIVE
SKU021,Product 21,Electronics,3999,3063,936,23.41,Athena Demo Brand,ACTIVE
SKU022,Product 22,Home,2499,1225,1274,50.98,Athena Demo Brand,ACTIVE
SKU023,Product 23,Fitness,3999,2207,1792,44.81,Athena Demo Brand,ACTIVE
SKU024,Product 24,Accessories,1299,560,739,56.89,Athena Demo Brand,ACTIVE
SKU025,Product 25,Beauty,1499,831,668,44.56,Athena Demo Brand,ACTIVE
