order_id,date,sku,quantity,revenue,discount,refund,net_revenue,currency,order_status,channel,payment_status
ORD00001,2026-09-22,SKU006,1,2999.0,37.17,0.0,2961.83,INR,COMPLETED,D2C,PAID
ORD00002,2026-10-04,SKU008,1,1499.0,64.52,0.0,1434.48,INR,COMPLETED,D2C,PAID
ORD00003,2026-09-24,SKU007,2,5998.0,455.72,0.0,5542.28,INR,COMPLETED,D2C,PAID
ORD00004,2026-10-06,SKU004,3,7497.0,352.2,374.85,6769.95,INR,COMPLETED,D2C,PAID
ORD00005,2026-09-22,SKU007,1,2999.0,204.39,0.0,2794.61,INR,COMPLETED,D2C,PAID
ORD00006,2026-09-25,SKU004,1,2499.0,166.25,0.0,2332.75,INR,COMPLETED,D2C,PAID
ORD00007,2026-09-22,SKU004,3,7497.0,340.6,0.0,7156.4,INR,COMPLETED,D2C,PAID
ORD00008,2026-09-17,SKU005,1,2499.0,216.85,0.0,2282.15,INR,COMPLETED,D2C,PAID
ORD00009,2026-09-23,SKU009,3,8997.0,607.48,0.0,8389.52,INR,COMPLETED,D2C,PAID
ORD00010,2026-10-02,SKU007,2,5998.0,595.09,0.0,5402.91,INR,COMPLETED,D2C,PAID
ORD00011,2026-10-06,SKU009,1,2999.0,240.74,0.0,2758.26,INR,COMPLETED,D2C,PAID
ORD00012,2026-09-16,SKU009,2,5998.0,282.49,299.9,5415.61,INR,COMPLETED,D2C,PAID
ORD00013,2026-10-06,SKU001,3,2397.0,1.33,0.0,2395.67,INR,COMPLETED,D2C,PAID
ORD00014,2026-09-15,SKU006,3,8997.0,607.48,0.0,8389.52,INR,COMPLETED,D2C,PAID
ORD00015,2026-09-15,SKU001,2,1598.0,163.41,0.0,1434.59,INR,COMPLETED,D2C,PAID
ORD00016,2026-09-26,SKU003,1,799.0,0.52,0.0,798.48,INR,COMPLETED,D2C,PAID
ORD00017,2026-10-03,SKU006,3,8997.0,948.75,0.0,8048.25,INR,COMPLETED,D2C,PAID
ORD00018,2026-09-23,SKU009,3,8997.0,291.87,0.0,8705.13,INR,COMPLETED,D2C,PAID
ORD00019,2026-09-18,SKU007,2,5998.0,357.43,299.9,5340.67,INR,COMPLETED,D2C,PAID
ORD00020,2026-09-27,SKU002,1,1499.0,173.33,74.95,1250.72,INR,COMPLETED,D2C,PAID
ORD00021,2026-10-04,SKU008,3,4497.0,320.69,0.0,4176.31,INR,COMPLETED,D2C,PAID
ORD00022,2026-10-05,SKU009,2,5998.0,72.77,0.0,5925.23,INR,COMPLETED,D2C,PAID
ORD00023,2026-10-03,SKU004,2,4998.0,338.5,0.0,4659.5,INR,COMPLETED,D2C,PAID
ORD00024,2026-10-07,SKU006,3,8997.0,458.82,0.0,8538.18,INR,COMPLETED,D2C,PAID
ORD00025,2026-09-23,SKU009,1,2999.0,42.61,0.0,2956.39,INR,COMPLETED,D2C,PAID
ORD00026,2026-10-03,SKU008,1,1499.0,51.16,74.95,1372.89,INR,COMPLETED,D2C,PAID
ORD00027,2026-09-21,SKU007,3,8997.0,25.88,449.85,8521.27,INR,COMPLETED,D2C,PAID
ORD00028,2026-09-26,SKU009,2,5998.0,496.73,0.0,5501.27,INR,COMPLETED,D2C,PAID
ORD00029,2026-09-18,SKU006,2,5998.0,271.16,0.0,5726.84,INR,COMPLETED,D2C,PAID
ORD00030,2026-09-29,SKU008,1,1499.0,83.06,0.0,1415.94,INR,COMPLETED,D2C,PAID
ORD00031,2026-09-27,SKU009,3,8997.0,150.74,0.0,8846.26,INR,COMPLETED,D2C,PAID
ORD00032,2026-09-19,SKU006,2,5998.0,69.68,0.0,5928.32,INR,COMPLETED,D2C,PAID
ORD00033,2026-10-06,SKU005,1,2499.0,242.59,0.0,2256.41,INR,COMPLETED,D2C,PAID
ORD00034,2026-10-07,SKU004,1,2499.0,195.42,0.0,2303.58,INR,COMPLETED,D2C,PAID
ORD00035,2026-10-05,SKU009,3,8997.0,463.19,0.0,8533.81,INR,COMPLETED,D2C,PAID
ORD00036,2026-09-24,SKU002,2,2998.0,192.33,0.0,2805.67,INR,COMPLETED,D2C,PAID
ORD00037,2026-10-07,SKU004,2,4998.0,24.23,249.9,4723.87,INR,COMPLETED,D2C,PAID
ORD00038,2026-10-01,SKU002,2,2998.0,324.86,0.0,2673.14,INR,COMPLETED,D2C,PAID
ORD00039,2026-09-16,SKU004,1,2499.0,251.14,124.95,2122.91,INR,COMPLETED,D2C,PAID
ORD00040,2026-09-17,SKU009,1,2999.0,300.39,0.0,2698.61,INR,COMPLETED,D2C,PAID
ORD00041,2026-09-18,SKU009,3,8997.0,988.67,0.0,8008.33,INR,COMPLETED,D2C,PAID
ORD00042,2026-09-28,SKU008,3,4497.0,240.15,0.0,4256.85,INR,COMPLETED,D2C,PAID
ORD00043,2026-09-16,SKU009,1,2999.0,111.8,149.95,2737.25,INR,COMPLETED,D2C,PAID
ORD00044,2026-09-19,SKU008,2,2998.0,346.94,0.0,2651.06,INR,COMPLETED,D2C,PAID
ORD00045,2026-09-17,SKU002,3,4497.0,381.98,224.85,3890.17,INR,COMPLETED,D2C,PAID
ORD00046,2026-10-04,SKU005,1,2499.0,252.55,124.95,2121.5,INR,COMPLETED,D2C,PAID
ORD00047,2026-10-06,SKU004,2,4998.0,477.28,0.0,4520.72,INR,COMPLETED,D2C,PAID
ORD00048,2026-09-27,SKU003,2,1598.0,172.38,0.0,1425.62,INR,COMPLETED,D2C,PAID
ORD00049,2026-10-07,SKU002,2,2998.0,173.74,0.0,2824.26,INR,COMPLETED,D2C,PAID
ORD00050,2026-09-25,SKU005,3,7497.0,325.31,0.0,7171.69,INR,COMPLETED,D2C,PAID
ORD00051,2026-09-24,SKU002,1,1499.0,13.93,0.0,1485.07,INR,COMPLETED,D2C,PAID
ORD00052,2026-10-02,SKU006,3,8997.0,1004.8,0.0,7992.2,INR,COMPLETED,D2C,PAID
ORD00053,2026-09-29,SKU008,1,1499.0,28.34,0.0,1470.66,INR,COMPLETED,D2C,PAID
ORD00054,2026-09-19,SKU008,1,1499.0,39.34,74.95,1384.71,INR,COMPLETED,D2C,PAID
ORD00055,2026-09-26,SKU004,2,4998.0,586.08,249.9,4162.02,INR,COMPLETED,D2C,PAID
ORD00056,2026-09-20,SKU001,2,1598.0,29.45,0.0,1568.55,INR,COMPLETED,D2C,PAID
ORD00057,2026-09-16,SKU009,1,2999.0,204.62,0.0,2794.38,INR,COMPLETED,D2C,PAID
ORD00058,2026-10-05,SKU004,1,2499.0,187.72,0.0,2311.28,INR,COMPLETED,D2C,PAID
ORD00059,2026-09-19,SKU008,2,2998.0,222.26,149.9,2625.84,INR,COMPLETED,D2C,PAID
ORD00060,2026-10-04,SKU006,2,5998.0,250.41,299.9,5447.69,INR,COMPLETED,D2C,PAID
ORD00061,2026-09-17,SKU002,2,2998.0,157.52,0.0,2840.48,INR,COMPLETED,D2C,PAID
ORD00062,2026-10-06,SKU006,3,8997.0,832.16,0.0,8164.84,INR,COMPLETED,D2C,PAID
ORD00063,2026-09-27,SKU002,2,2998.0,115.39,0.0,2882.61,INR,COMPLETED,D2C,PAID
ORD00064,2026-09-30,SKU002,1,1499.0,78.2,0.0,1420.8,INR,COMPLETED,D2C,PAID
ORD00065,2026-09-20,SKU008,3,4497.0,91.13,0.0,4405.87,INR,COMPLETED,D2C,PAID
ORD00066,2026-10-06,SKU007,3,8997.0,115.86,0.0,8881.14,INR,COMPLETED,D2C,PAID
ORD00067,2026-09-26,SKU006,2,5998.0,365.78,0.0,5632.22,INR,COMPLETED,D2C,PAID
ORD00068,2026-09-25,SKU009,1,2999.0,175.0,149.95,2674.05,INR,COMPLETED,D2C,PAID
ORD00069,2026-09-25,SKU005,3,7497.0,60.12,0.0,7436.88,INR,COMPLETED,D2C,PAID
ORD00070,2026-09-28,SKU007,1,2999.0,229.46,0.0,2769.54,INR,COMPLETED,D2C,PAID
ORD00071,2026-09-16,SKU006,2,5998.0,337.57,299.9,5360.53,INR,COMPLETED,D2C,PAID
ORD00072,2026-10-05,SKU005,1,2499.0,18.09,0.0,2480.91,INR,COMPLETED,D2C,PAID
ORD00073,2026-10-03,SKU008,3,4497.0,421.87,0.0,4075.13,INR,COMPLETED,D2C,PAID
ORD00074,2026-09-24,SKU009,2,5998.0,616.28,0.0,5381.72,INR,COMPLETED,D2C,PAID
ORD00075,2026-09-29,SKU007,1,2999.0,238.43,0.0,2760.57,INR,COMPLETED,D2C,PAID
ORD00076,2026-09-30,SKU008,3,4497.0,200.16,224.85,4071.99,INR,COMPLETED,D2C,PAID
ORD00077,2026-09-24,SKU006,2,5998.0,364.03,299.9,5334.07,INR,COMPLETED,D2C,PAID
ORD00078,2026-10-01,SKU001,2,1598.0,41.32,0.0,1556.68,INR,COMPLETED,D2C,PAID
ORD00079,2026-10-02,SKU006,2,5998.0,142.93,0.0,5855.07,INR,COMPLETED,D2C,PAID
ORD00080,2026-09-29,SKU004,1,2499.0,268.3,0.0,2230.7,INR,COMPLETED,D2C,PAID
ORD00081,2026-09-21,SKU007,2,5998.0,688.12,0.0,5309.88,INR,COMPLETED,D2C,PAID
ORD00082,2026-09-18,SKU008,1,1499.0,52.4,0.0,1446.6,INR,COMPLETED,D2C,PAID
ORD00083,2026-09-27,SKU003,1,799.0,72.92,39.95,686.13,INR,COMPLETED,D2C,PAID
ORD00084,2026-10-01,SKU002,3,4497.0,193.02,0.0,4303.98,INR,COMPLETED,D2C,PAID
ORD00085,2026-09-26,SKU008,3,4497.0,147.55,0.0,4349.45,INR,COMPLETED,D2C,PAID
ORD00086,2026-09-22,SKU003,2,1598.0,105.51,0.0,1492.49,INR,COMPLETED,D2C,PAID
ORD00087,2026-10-01,SKU008,1,1499.0,86.54,0.0,1412.46,INR,COMPLETED,D2C,PAID
ORD00088,2026-10-02,SKU003,2,1598.0,156.3,0.0,1441.7,INR,COMPLETED,D2C,PAID
ORD00089,2026-09-25,SKU002,2,2998.0,86.61,149.9,2761.49,INR,COMPLETED,D2C,PAID
ORD00090,2026-09-23,SKU004,1,2499.0,140.19,0.0,2358.81,INR,COMPLETED,D2C,PAID
ORD00091,2026-09-24,SKU004,3,7497.0,676.33,0.0,6820.67,INR,COMPLETED,D2C,PAID
ORD00092,2026-09-22,SKU002,1,1499.0,23.54,0.0,1475.46,INR,COMPLETED,D2C,PAID
ORD00093,2026-09-25,SKU001,3,2397.0,106.22,0.0,2290.78,INR,COMPLETED,D2C,PAID
ORD00094,2026-09-20,SKU009,2,5998.0,669.38,299.9,5028.72,INR,COMPLETED,D2C,PAID
ORD00095,2026-09-26,SKU004,2,4998.0,520.1,0.0,4477.9,INR,COMPLETED,D2C,PAID
ORD00096,2026-10-07,SKU006,2,5998.0,640.43,0.0,5357.57,INR,COMPLETED,D2C,PAID
ORD00097,2026-10-05,SKU008,2,2998.0,165.82,149.9,2682.28,INR,COMPLETED,D2C,PAID
ORD00098,2026-09-16,SKU007,3,8997.0,515.2,0.0,8481.8,INR,COMPLETED,D2C,PAID
ORD00099,2026-09-26,SKU005,2,4998.0,340.76,0.0,4657.24,INR,COMPLETED,D2C,PAID
ORD00100,2026-09-27,SKU007,2,5998.0,78.21,299.9,5619.89,INR,COMPLETED,D2C,PAID
ORD00101,2026-09-20,SKU007,1,2999.0,305.12,149.95,2543.93,INR,COMPLETED,D2C,PAID
ORD00102,2026-10-07,SKU007,3,8997.0,960.77,449.85,7586.38,INR,COMPLETED,D2C,PAID
ORD00103,2026-09-22,SKU002,1,1499.0,48.22,0.0,1450.78,INR,COMPLETED,D2C,PAID
ORD00104,2026-09-28,SKU008,2,2998.0,123.99,149.9,2724.11,INR,COMPLETED,D2C,PAID
ORD00105,2026-09-27,SKU009,2,5998.0,122.22,0.0,5875.78,INR,COMPLETED,D2C,PAID
ORD00106,2026-09-19,SKU003,3,2397.0,273.05,0.0,2123.95,INR,COMPLETED,D2C,PAID
ORD00107,2026-09-24,SKU007,1,2999.0,245.2,149.95,2603.85,INR,COMPLETED,D2C,PAID
ORD00108,2026-09-19,SKU007,3,8997.0,876.65,0.0,8120.35,INR,COMPLETED,D2C,PAID
ORD00109,2026-09-21,SKU009,3,8997.0,151.21,449.85,8395.94,INR,COMPLETED,D2C,PAID
ORD00110,2026-09-30,SKU003,3,2397.0,67.67,119.85,2209.48,INR,COMPLETED,D2C,PAID
ORD00111,2026-09-21,SKU009,2,5998.0,190.45,299.9,5507.65,INR,COMPLETED,D2C,PAID
ORD00112,2026-09-24,SKU001,3,2397.0,72.78,0.0,2324.22,INR,COMPLETED,D2C,PAID
ORD00113,2026-10-02,SKU007,2,5998.0,272.3,299.9,5425.8,INR,COMPLETED,D2C,PAID
ORD00114,2026-10-04,SKU007,3,8997.0,4.65,0.0,8992.35,INR,COMPLETED,D2C,PAID
ORD00115,2026-09-28,SKU006,2,5998.0,27.81,299.9,5670.29,INR,COMPLETED,D2C,PAID
ORD00116,2026-09-19,SKU002,3,4497.0,437.08,0.0,4059.92,INR,COMPLETED,D2C,PAID
ORD00117,2026-09-17,SKU007,1,2999.0,268.86,0.0,2730.14,INR,COMPLETED,D2C,PAID
ORD00118,2026-09-23,SKU002,1,1499.0,35.17,0.0,1463.83,INR,COMPLETED,D2C,PAID
ORD00119,2026-09-24,SKU006,2,5998.0,620.3,0.0,5377.7,INR,COMPLETED,D2C,PAID
ORD00120,2026-09-29,SKU005,3,7497.0,884.33,0.0,6612.67,INR,COMPLETED,D2C,PAID
ORD00121,2026-10-06,SKU010,2,2998.0,0.0,0.0,2998.0,INR,COMPLETED,D2C,PAID
